968198543 	Christopher Wright  	https://randomuser.me/api/portraits/men/86.jpg
787289418 	David Ryan          	https://randomuser.me/api/portraits/men/34.jpg
475758022 	Brett Arnold        	https://randomuser.me/api/portraits/men/72.jpg
811012576 	Marshall Vasquez    	https://randomuser.me/api/portraits/men/73.jpg
767586784 	Scott Franklin      	https://randomuser.me/api/portraits/men/8.jpg
128558923 	Alexa Snyder        	https://randomuser.me/api/portraits/women/68.jpg
116250190 	Louise Fernandez    	https://randomuser.me/api/portraits/women/94.jpg
623371433 	Sandra Chavez       	https://randomuser.me/api/portraits/women/90.jpg
912436896 	Audrey Nichols      	https://randomuser.me/api/portraits/women/4.jpg
667068795 	Catherine Parker    	https://randomuser.me/api/portraits/women/7.jpg
